{"cameraMode":{"drawMode":0,"name":"Shaded","section":"Shading Mode"},"sceneLighting":false,"audioPlay":false,"sceneViewState":{"m_AlwaysRefresh":false,"showFog":true,"showSkybox":false,"showFlares":true,"showImageEffects":true,"showParticleSystems":true,"showVisualEffectGraphs":true,"m_FxEnabled":true},"in2DMode":false,"pivot":{"x":-1.0373245477676392,"y":2.3048095703125,"z":3.4537441730499269},"rotation":{"x":0.10860193520784378,"y":-0.36409708857536318,"z":0.042855288833379748,"w":0.9240976572036743},"size":1.6974297761917115,"orthographic":false}